,"Id","Label","name_cluster","nom_cluster","cluster.y","nom_cluster.1","nom_cluster.2","nom_cluster.3"
"15",15,"agriculture biologique","Luttes contre les nuisibles","Viticulture et pesticides",15,"Viticulture et pesticides","Viticulture et pesticides","Le vin"
"61",61,"bordelais","Luttes contre les nuisibles","Viticulture et pesticides",15,"Viticulture et pesticides","Viticulture et pesticides","Le vin"
"405",405,"sulfites","Luttes contre les nuisibles","Viticulture et pesticides",15,"Viticulture et pesticides","Viticulture et pesticides","Le vin"
"420",420,"traitements phytosanitaires","Luttes contre les nuisibles","Viticulture et pesticides",15,"Viticulture et pesticides","Viticulture et pesticides","Le vin"
"442",442,"vignerons","Luttes contre les nuisibles","Viticulture et pesticides",15,"Viticulture et pesticides","Viticulture et pesticides","Le vin"
"443",443,"vignes","Luttes contre les nuisibles","Viticulture et pesticides",15,"Viticulture et pesticides","Viticulture et pesticides","Le vin"
"445",445,"vins","Luttes contre les nuisibles","Viticulture et pesticides",15,"Viticulture et pesticides","Viticulture et pesticides","Le vin"
"446",446,"vins de bordeaux","Luttes contre les nuisibles","Viticulture et pesticides",15,"Viticulture et pesticides","Viticulture et pesticides","Le vin"
"1",1,"@genefutures","Expositions des riverains","Ecophyto et alternatives aux pesticides",2,"Plan écophyto","Régulation des pesticides","Plan écophyto"
"24",24,"alternatives","Expositions des riverains","Ecophyto et alternatives aux pesticides",2,"Plan écophyto","Régulation des pesticides","Plan écophyto"
"25",25,"alternatives aux pesticides","Expositions des riverains","Ecophyto et alternatives aux pesticides",2,"Plan écophyto","Régulation des pesticides","Plan écophyto"
"114",114,"coquelicots","Expositions des riverains","Ecophyto et alternatives aux pesticides",2,"Plan écophyto","Régulation des pesticides","Plan écophyto"
"146",146,"ecophyto","Expositions des riverains","Ecophyto et alternatives aux pesticides",2,"Plan écophyto","Régulation des pesticides","Plan écophyto"
"190",190,"générations futures","Expositions des riverains","Ecophyto et alternatives aux pesticides",2,"Plan écophyto","Régulation des pesticides","Plan écophyto"
"306",306,"pesticides","Expositions des riverains","Ecophyto et alternatives aux pesticides",2,"Plan écophyto","Régulation des pesticides","Plan écophyto"
"315",315,"plan ecophyto","Expositions des riverains","Ecophyto et alternatives aux pesticides",2,"Plan écophyto","Régulation des pesticides","Plan écophyto"
"437",437,"ventes de pesticides","Expositions des riverains","Ecophyto et alternatives aux pesticides",2,"Plan écophyto","Régulation des pesticides","Plan écophyto"
"41",41,"assemblée","Développement durable","Environnement et débats publiques",6,"Environnement et débats publiques","Politiques environnementales et agricoles","Transition écologique et débats publics"
"42",42,"assemblée nationale","Développement durable","Environnement et débats publiques",6,"Environnement et débats publiques","Politiques environnementales et agricoles","Transition écologique et débats publics"
"66",66,"campagne","Développement durable","Environnement et débats publiques",6,"Environnement et débats publiques","Politiques environnementales et agricoles","Transition écologique et débats publics"
"82",82,"citoyens","Développement durable","Environnement et débats publiques",6,"Environnement et débats publiques","Politiques environnementales et agricoles","Transition écologique et débats publics"
"85",85,"climat","Développement durable","Environnement et débats publiques",6,"Environnement et débats publiques","Politiques environnementales et agricoles","Transition écologique et débats publics"
"111",111,"convention citoyenne","Développement durable","Environnement et débats publiques",6,"Environnement et débats publiques","Politiques environnementales et agricoles","Transition écologique et débats publics"
"123",123,"débat","Développement durable","Environnement et débats publiques",6,"Environnement et débats publiques","Politiques environnementales et agricoles","Transition écologique et débats publics"
"127",127,"démocratie participative","Développement durable","Environnement et débats publiques",6,"Environnement et débats publiques","Politiques environnementales et agricoles","Transition écologique et débats publics"
"128",128,"député","Développement durable","Environnement et débats publiques",6,"Environnement et débats publiques","Politiques environnementales et agricoles","Transition écologique et débats publics"
"141",141,"écolo","Développement durable","Environnement et débats publiques",6,"Environnement et débats publiques","Politiques environnementales et agricoles","Transition écologique et débats publics"
"142",142,"ecologie","Développement durable","Environnement et débats publiques",6,"Environnement et débats publiques","Politiques environnementales et agricoles","Transition écologique et débats publics"
"143",143,"écologie","Développement durable","Environnement et débats publiques",6,"Environnement et débats publiques","Politiques environnementales et agricoles","Transition écologique et débats publics"
"144",144,"écologique","Développement durable","Environnement et débats publiques",6,"Environnement et débats publiques","Politiques environnementales et agricoles","Transition écologique et débats publics"
"145",145,"écologiste","Développement durable","Environnement et débats publiques",6,"Environnement et débats publiques","Politiques environnementales et agricoles","Transition écologique et débats publics"
"159",159,"emmanuel macron","Développement durable","Environnement et débats publiques",6,"Environnement et débats publiques","Politiques environnementales et agricoles","Transition écologique et débats publics"
"195",195,"grand débat","Développement durable","Environnement et débats publiques",6,"Environnement et débats publiques","Politiques environnementales et agricoles","Transition écologique et débats publics"
"216",216,"jadot","Développement durable","Environnement et débats publiques",6,"Environnement et débats publiques","Politiques environnementales et agricoles","Transition écologique et débats publics"
"218",218,"jeune femme","Les affaires Monsanto","Environnement et débats publiques",6,"Environnement et débats publiques","Politiques environnementales et agricoles","Transition écologique et débats publics"
"225",225,"libertés","Développement durable","Environnement et débats publiques",6,"Environnement et débats publiques","Politiques environnementales et agricoles","Transition écologique et débats publics"
"234",234,"lobbies","Développement durable","Environnement et débats publiques",6,"Environnement et débats publiques","Politiques environnementales et agricoles","Transition écologique et débats publics"
"235",235,"loi","Développement durable","Environnement et débats publiques",6,"Environnement et débats publiques","Politiques environnementales et agricoles","Transition écologique et débats publics"
"238",238,"loi climat","Développement durable","Environnement et débats publiques",6,"Environnement et débats publiques","Politiques environnementales et agricoles","Transition écologique et débats publics"
"239",239,"m. macron","Développement durable","Environnement et débats publiques",6,"Environnement et débats publiques","Politiques environnementales et agricoles","Transition écologique et débats publics"
"242",242,"macron","Développement durable","Environnement et débats publiques",6,"Environnement et débats publiques","Politiques environnementales et agricoles","Transition écologique et débats publics"
"259",259,"militante","Les affaires Monsanto","Environnement et débats publiques",6,"Environnement et débats publiques","Politiques environnementales et agricoles","Transition écologique et débats publics"
"267",267,"mouvements","Développement durable","Environnement et débats publiques",6,"Environnement et débats publiques","Politiques environnementales et agricoles","Transition écologique et débats publics"
"296",296,"paris","Développement durable","Environnement et débats publiques",6,"Environnement et débats publiques","Politiques environnementales et agricoles","Transition écologique et débats publics"
"299",299,"parlementaires","Développement durable","Environnement et débats publiques",6,"Environnement et débats publiques","Politiques environnementales et agricoles","Transition écologique et débats publics"
"318",318,"politique","Développement durable","Environnement et débats publiques",6,"Environnement et débats publiques","Politiques environnementales et agricoles","Transition écologique et débats publics"
"325",325,"premier ministre","Développement durable","Environnement et débats publiques",6,"Environnement et débats publiques","Politiques environnementales et agricoles","Transition écologique et débats publics"
"337",337,"propositions","Développement durable","Environnement et débats publiques",6,"Environnement et débats publiques","Politiques environnementales et agricoles","Transition écologique et débats publics"
"392",392,"sénateur","Développement durable","Environnement et débats publiques",6,"Environnement et débats publiques","Politiques environnementales et agricoles","Transition écologique et débats publics"
"421",421,"transition","Développement durable","Environnement et débats publiques",6,"Environnement et débats publiques","Politiques environnementales et agricoles","Transition écologique et débats publics"
"38",38,"arrêté","Expositions des riverains","Epandage et riverains",22,"Epandage et riverains","Régulation des pesticides","Épandages et riverains"
"72",72,"cassation","Les affaires Monsanto","Epandage et riverains",22,"Epandage et riverains","Régulation des pesticides","Épandages et riverains"
"104",104,"conseil d'etat","Expositions des riverains","Epandage et riverains",22,"Epandage et riverains","Régulation des pesticides","Épandages et riverains"
"105",105,"conseil d'état","Expositions des riverains","Epandage et riverains",22,"Epandage et riverains","Régulation des pesticides","Épandages et riverains"
"110",110,"controverse scientifique","Expositions des riverains","Epandage et riverains",22,"Epandage et riverains","Régulation des pesticides","Épandages et riverains"
"115",115,"corinne lepage","Expositions des riverains","Epandage et riverains",22,"Epandage et riverains","Régulation des pesticides","Épandages et riverains"
"134",134,"distances minimales","Expositions des riverains","Epandage et riverains",22,"Epandage et riverains","Régulation des pesticides","Épandages et riverains"
"139",139,"école","Expositions des riverains","Epandage et riverains",22,"Epandage et riverains","Régulation des pesticides","Épandages et riverains"
"140",140,"école primaire","Luttes contre les nuisibles","Epandage et riverains",22,"Epandage et riverains","Régulation des pesticides","Épandages et riverains"
"151",151,"effets nocifs","Expositions des riverains","Epandage et riverains",22,"Epandage et riverains","Régulation des pesticides","Épandages et riverains"
"162",162,"épandages","Expositions des riverains","Epandage et riverains",22,"Epandage et riverains","Régulation des pesticides","Épandages et riverains"
"163",163,"épandages de pesticides","Expositions des riverains","Epandage et riverains",22,"Epandage et riverains","Régulation des pesticides","Épandages et riverains"
"224",224,"lepage","Expositions des riverains","Epandage et riverains",22,"Epandage et riverains","Régulation des pesticides","Épandages et riverains"
"246",246,"malaises","Les affaires Monsanto","Epandage et riverains",22,"Epandage et riverains","Régulation des pesticides","Épandages et riverains"
"254",254,"mesures de protection","Expositions des riverains","Epandage et riverains",22,"Epandage et riverains","Régulation des pesticides","Épandages et riverains"
"272",272,"nature environnement","Expositions des riverains","Epandage et riverains",22,"Epandage et riverains","Régulation des pesticides","Épandages et riverains"
"307",307,"pesticides à proximité","Expositions des riverains","Epandage et riverains",22,"Epandage et riverains","Régulation des pesticides","Épandages et riverains"
"338",338,"protection des riverains","Expositions des riverains","Epandage et riverains",22,"Epandage et riverains","Régulation des pesticides","Épandages et riverains"
"341",341,"pulvérisation aérienne","Expositions des riverains","Epandage et riverains",22,"Epandage et riverains","Régulation des pesticides","Épandages et riverains"
"342",342,"pulvérisations","Expositions des riverains","Epandage et riverains",22,"Epandage et riverains","Régulation des pesticides","Épandages et riverains"
"343",343,"pulvérisations de glyphosate","Expositions des riverains","Epandage et riverains",22,"Epandage et riverains","Régulation des pesticides","Épandages et riverains"
"364",364,"reprise des pulvérisations","Expositions des riverains","Epandage et riverains",22,"Epandage et riverains","Régulation des pesticides","Épandages et riverains"
"372",372,"riverains","Expositions des riverains","Epandage et riverains",22,"Epandage et riverains","Régulation des pesticides","Épandages et riverains"
"406",406,"suspension","Expositions des riverains","Epandage et riverains",22,"Epandage et riverains","Régulation des pesticides","Épandages et riverains"
"426",426,"tribunal administratif","Expositions des riverains","Epandage et riverains",22,"Epandage et riverains","Régulation des pesticides","Épandages et riverains"
"431",431,"ufc-que","Expositions des riverains","Epandage et riverains",22,"Epandage et riverains","Régulation des pesticides","Épandages et riverains"
"8",8,"agence","Controverse du glyphosate","Expertise sanitaire européenne",9,"Expertise sanitaire européenne","Régulation des pesticides","Le rapport du CIRC"
"47",47,"autorité européenne","Controverse du glyphosate","Expertise sanitaire européenne",9,"Expertise sanitaire européenne","Régulation des pesticides","Le rapport du CIRC"
"49",49,"avis","Controverse du glyphosate","Expertise sanitaire européenne",9,"Expertise sanitaire européenne","Régulation des pesticides","Le rapport du CIRC"
"67",67,"cancérogène","Controverse du glyphosate","Expertise sanitaire européenne",9,"Expertise sanitaire européenne","Régulation des pesticides","Le rapport du CIRC"
"68",68,"cancérogène probable","Controverse du glyphosate","Expertise sanitaire européenne",9,"Expertise sanitaire européenne","Régulation des pesticides","Le rapport du CIRC"
"74",74,"centre international","Controverse du glyphosate","Expertise sanitaire européenne",9,"Expertise sanitaire européenne","Régulation des pesticides","Le rapport du CIRC"
"96",96,"concentration maximale admissible","Controverse du glyphosate","Expertise sanitaire européenne",9,"Expertise sanitaire européenne","Régulation des pesticides","Le rapport du CIRC"
"109",109,"controverse","Controverse du glyphosate","Expertise sanitaire européenne",9,"Expertise sanitaire européenne","Régulation des pesticides","Le rapport du CIRC"
"138",138,"echa","Controverse du glyphosate","Expertise sanitaire européenne",9,"Expertise sanitaire européenne","Régulation des pesticides","Le rapport du CIRC"
"154",154,"efsa","Controverse du glyphosate","Expertise sanitaire européenne",9,"Expertise sanitaire européenne","Régulation des pesticides","Le rapport du CIRC"
"284",284,"oms","Controverse du glyphosate","Expertise sanitaire européenne",9,"Expertise sanitaire européenne","Régulation des pesticides","Le rapport du CIRC"
"377",377,"roundup de monsanto","Controverse du glyphosate","Expertise sanitaire européenne",9,"Expertise sanitaire européenne","Régulation des pesticides","Le rapport du CIRC"
"388",388,"sécurité des aliments","Controverse du glyphosate","Expertise sanitaire européenne",9,"Expertise sanitaire européenne","Régulation des pesticides","Le rapport du CIRC"
"434",434,"urine","Controverse du glyphosate","Expertise sanitaire européenne",9,"Expertise sanitaire européenne","Régulation des pesticides","Le rapport du CIRC"
"32",32,"anses","Expositions des riverains","Fongicides et SDHI",11,"Fongicides et SDHI","Expertise sanitaire","SDHI"
"45",45,"SDHi","Expositions des riverains","Fongicides et SDHI",11,"Fongicides et SDHI","Expertise sanitaire","SDHI"
"59",59,"blé dur","Luttes contre les nuisibles","Fongicides et SDHI",11,"Fongicides et SDHI","Expertise sanitaire","SDHI"
"60",60,"blé tendre","Luttes contre les nuisibles","Fongicides et SDHI",11,"Fongicides et SDHI","Expertise sanitaire","SDHI"
"121",121,"culture","Luttes contre les nuisibles","Fongicides et SDHI",11,"Fongicides et SDHI","Expertise sanitaire","SDHI"
"155",155,"élevage","Luttes contre les nuisibles","Fongicides et SDHI",11,"Fongicides et SDHI","Expertise sanitaire","SDHI"
"186",186,"fongicide","Luttes contre les nuisibles","Fongicides et SDHI",11,"Fongicides et SDHI","Expertise sanitaire","SDHI"
"292",292,"palmiers à huile","Luttes contre les nuisibles","Fongicides et SDHI",11,"Fongicides et SDHI","Expertise sanitaire","SDHI"
"308",308,"pesticides sdhi","Expositions des riverains","Fongicides et SDHI",11,"Fongicides et SDHI","Expertise sanitaire","SDHI"
"324",324,"pratiques","Luttes contre les nuisibles","Fongicides et SDHI",11,"Fongicides et SDHI","Expertise sanitaire","SDHI"
"353",353,"récolte","Luttes contre les nuisibles","Fongicides et SDHI",11,"Fongicides et SDHI","Expertise sanitaire","SDHI"
"358",358,"réglementation","Expositions des riverains","Fongicides et SDHI",11,"Fongicides et SDHI","Expertise sanitaire","SDHI"
"374",374,"roger genet","Expositions des riverains","Fongicides et SDHI",11,"Fongicides et SDHI","Expertise sanitaire","SDHI"
"387",387,"sdhi","Luttes contre les nuisibles","Fongicides et SDHI",11,"Fongicides et SDHI","Expertise sanitaire","SDHI"
"389",389,"sécurité sanitaire","Pollutions chimiques","Fongicides et SDHI",11,"Fongicides et SDHI","Expertise sanitaire","SDHI"
"435",435,"utilisation des pesticides","Luttes contre les nuisibles","Fongicides et SDHI",11,"Fongicides et SDHI","Expertise sanitaire","SDHI"
"16",16,"agroalimentaire","Nutréa-Triskalia","L'affaire Triskalia",16,"L'affaire Triskalia","L'affaire Triskalia","Affaire Triskalia"
"64",64,"bretagne","Nutréa-Triskalia","L'affaire Triskalia",16,"L'affaire Triskalia","L'affaire Triskalia","Affaire Triskalia"
"84",84,"claude le guyader","Nutréa-Triskalia","L'affaire Triskalia",16,"L'affaire Triskalia","L'affaire Triskalia","Affaire Triskalia"
"87",87,"collectifs","Nutréa-Triskalia","L'affaire Triskalia",16,"L'affaire Triskalia","L'affaire Triskalia","Affaire Triskalia"
"99",99,"conditions de travail","Nutréa-Triskalia","L'affaire Triskalia",16,"L'affaire Triskalia","L'affaire Triskalia","Affaire Triskalia"
"112",112,"coopérative agricole","Nutréa-Triskalia","L'affaire Triskalia",16,"L'affaire Triskalia","L'affaire Triskalia","Affaire Triskalia"
"113",113,"coopérative triskalia","Nutréa-Triskalia","L'affaire Triskalia",16,"L'affaire Triskalia","L'affaire Triskalia","Affaire Triskalia"
"177",177,"faute inexcusable","Nutréa-Triskalia","L'affaire Triskalia",16,"L'affaire Triskalia","L'affaire Triskalia","Affaire Triskalia"
"215",215,"intoxication aux pesticides","Nutréa-Triskalia","L'affaire Triskalia",16,"L'affaire Triskalia","L'affaire Triskalia","Affaire Triskalia"
"249",249,"marche des cobayes","Nutréa-Triskalia","L'affaire Triskalia",16,"L'affaire Triskalia","L'affaire Triskalia","Affaire Triskalia"
"278",278,"nutréa-triskalia","Nutréa-Triskalia","L'affaire Triskalia",16,"L'affaire Triskalia","L'affaire Triskalia","Affaire Triskalia"
"283",283,"omerta","Nutréa-Triskalia","L'affaire Triskalia",16,"L'affaire Triskalia","L'affaire Triskalia","Affaire Triskalia"
"354",354,"reconnaissance","Nutréa-Triskalia","L'affaire Triskalia",16,"L'affaire Triskalia","L'affaire Triskalia","Affaire Triskalia"
"379",379,"salariés","Nutréa-Triskalia","L'affaire Triskalia",16,"L'affaire Triskalia","L'affaire Triskalia","Affaire Triskalia"
"399",399,"soutien aux victimes","Nutréa-Triskalia","L'affaire Triskalia",16,"L'affaire Triskalia","L'affaire Triskalia","Affaire Triskalia"
"423",423,"travail","Nutréa-Triskalia","L'affaire Triskalia",16,"L'affaire Triskalia","L'affaire Triskalia","Affaire Triskalia"
"427",427,"triskalia","Nutréa-Triskalia","L'affaire Triskalia",16,"L'affaire Triskalia","L'affaire Triskalia","Affaire Triskalia"
"440",440,"victimes","Nutréa-Triskalia","L'affaire Triskalia",16,"L'affaire Triskalia","L'affaire Triskalia","Affaire Triskalia"
"23",23,"alternative écologique","La Loi Alimentation","La lutte contre les nuisibles",8,"La lutte contre les nuisibles","La lutte contre les nuisibles","Les espèces nuisibles"
"30",30,"animal","Luttes contre les nuisibles","La lutte contre les nuisibles",8,"La lutte contre les nuisibles","La lutte contre les nuisibles","Les espèces nuisibles"
"31",31,"animal domestique","Luttes contre les nuisibles","La lutte contre les nuisibles",8,"La lutte contre les nuisibles","La lutte contre les nuisibles","Les espèces nuisibles"
"54",54,"bicarbonate de soude","Luttes contre les nuisibles","La lutte contre les nuisibles",8,"La lutte contre les nuisibles","La lutte contre les nuisibles","Les espèces nuisibles"
"88",88,"colmar","Luttes contre les nuisibles","La lutte contre les nuisibles",8,"La lutte contre les nuisibles","La lutte contre les nuisibles","Les espèces nuisibles"
"152",152,"efficaces","Luttes contre les nuisibles","La lutte contre les nuisibles",8,"La lutte contre les nuisibles","La lutte contre les nuisibles","Les espèces nuisibles"
"191",191,"gènes de résistance","Luttes contre les nuisibles","La lutte contre les nuisibles",8,"La lutte contre les nuisibles","La lutte contre les nuisibles","Les espèces nuisibles"
"211",211,"insectes","Luttes contre les nuisibles","La lutte contre les nuisibles",8,"La lutte contre les nuisibles","La lutte contre les nuisibles","Les espèces nuisibles"
"222",222,"laboratoires de recherche","Luttes contre les nuisibles","La lutte contre les nuisibles",8,"La lutte contre les nuisibles","La lutte contre les nuisibles","Les espèces nuisibles"
"257",257,"mildiou","Luttes contre les nuisibles","La lutte contre les nuisibles",8,"La lutte contre les nuisibles","La lutte contre les nuisibles","Les espèces nuisibles"
"277",277,"nouvelles variétés","Luttes contre les nuisibles","La lutte contre les nuisibles",8,"La lutte contre les nuisibles","La lutte contre les nuisibles","Les espèces nuisibles"
"279",279,"œuf","Résidu de pesticides","La lutte contre les nuisibles",8,"La lutte contre les nuisibles","La lutte contre les nuisibles","Les espèces nuisibles"
"281",281,"oïdium","Luttes contre les nuisibles","La lutte contre les nuisibles",8,"La lutte contre les nuisibles","La lutte contre les nuisibles","Les espèces nuisibles"
"293",293,"parasite","Luttes contre les nuisibles","La lutte contre les nuisibles",8,"La lutte contre les nuisibles","La lutte contre les nuisibles","Les espèces nuisibles"
"317",317,"plantes","Luttes contre les nuisibles","La lutte contre les nuisibles",8,"La lutte contre les nuisibles","La lutte contre les nuisibles","Les espèces nuisibles"
"344",344,"punaise","Luttes contre les nuisibles","La lutte contre les nuisibles",8,"La lutte contre les nuisibles","La lutte contre les nuisibles","Les espèces nuisibles"
"345",345,"punaises de lit","Luttes contre les nuisibles","La lutte contre les nuisibles",8,"La lutte contre les nuisibles","La lutte contre les nuisibles","Les espèces nuisibles"
"346",346,"punaises diaboliques","Luttes contre les nuisibles","La lutte contre les nuisibles",8,"La lutte contre les nuisibles","La lutte contre les nuisibles","Les espèces nuisibles"
"347",347,"purin d'orties","Luttes contre les nuisibles","La lutte contre les nuisibles",8,"La lutte contre les nuisibles","La lutte contre les nuisibles","Les espèces nuisibles"
"350",350,"ravageurs","Luttes contre les nuisibles","La lutte contre les nuisibles",8,"La lutte contre les nuisibles","La lutte contre les nuisibles","Les espèces nuisibles"
"368",368,"résistances","Luttes contre les nuisibles","La lutte contre les nuisibles",8,"La lutte contre les nuisibles","La lutte contre les nuisibles","Les espèces nuisibles"
"415",415,"terre de diatomée","Luttes contre les nuisibles","La lutte contre les nuisibles",8,"La lutte contre les nuisibles","La lutte contre les nuisibles","Les espèces nuisibles"
"419",419,"traitements","Luttes contre les nuisibles","La lutte contre les nuisibles",8,"La lutte contre les nuisibles","La lutte contre les nuisibles","Les espèces nuisibles"
"444",444,"vignes résistantes","Luttes contre les nuisibles","La lutte contre les nuisibles",8,"La lutte contre les nuisibles","La lutte contre les nuisibles","Les espèces nuisibles"
"7",7,"adultes","Perturbateurs endocriniens","Le virus Zika",7,"Le virus Zika","Le virus Zika","Le virus Zika"
"33",33,"antilles","Biodiversité","Le virus Zika",7,"Le virus Zika","Le virus Zika","Le virus Zika"
"39",39,"ars","Biodiversité","Le virus Zika",7,"Le virus Zika","Le virus Zika","Le virus Zika"
"48",48,"autorités sanitaires","Perturbateurs endocriniens","Le virus Zika",7,"Le virus Zika","Le virus Zika","Le virus Zika"
"63",63,"brésil","Perturbateurs endocriniens","Le virus Zika",7,"Le virus Zika","Le virus Zika","Le virus Zika"
"69",69,"cancers","Perturbateurs endocriniens","Le virus Zika",7,"Le virus Zika","Le virus Zika","Le virus Zika"
"70",70,"cas de malformations","Perturbateurs endocriniens","Le virus Zika",7,"Le virus Zika","Le virus Zika","Le virus Zika"
"71",71,"cas de microcéphalies","Perturbateurs endocriniens","Le virus Zika",7,"Le virus Zika","Le virus Zika","Le virus Zika"
"73",73,"cause à effet","Perturbateurs endocriniens","Le virus Zika",7,"Le virus Zika","Le virus Zika","Le virus Zika"
"81",81,"chlordécone","Biodiversité","Le virus Zika",7,"Le virus Zika","Le virus Zika","Chlordécone"
"116",116,"corrélation","Perturbateurs endocriniens","Le virus Zika",7,"Le virus Zika","Le virus Zika","Le virus Zika"
"178",178,"femmes","Perturbateurs endocriniens","Le virus Zika",7,"Le virus Zika","Le virus Zika","Le virus Zika"
"179",179,"femmes enceintes","Perturbateurs endocriniens","Le virus Zika",7,"Le virus Zika","Le virus Zika","Le virus Zika"
"185",185,"foetus","Perturbateurs endocriniens","Le virus Zika",7,"Le virus Zika","Le virus Zika","Le virus Zika"
"199",199,"grossesse","Perturbateurs endocriniens","Le virus Zika",7,"Le virus Zika","Le virus Zika","Le virus Zika"
"202",202,"guadeloupe","Biodiversité","Le virus Zika",7,"Le virus Zika","Le virus Zika","Chlordécone"
"227",227,"lien de cause","Perturbateurs endocriniens","Le virus Zika",7,"Le virus Zika","Le virus Zika","Le virus Zika"
"248",248,"malformations","Perturbateurs endocriniens","Le virus Zika",7,"Le virus Zika","Le virus Zika","Le virus Zika"
"251",251,"martinique","Biodiversité","Le virus Zika",7,"Le virus Zika","Le virus Zika","Chlordécone"
"252",252,"médecin","Perturbateurs endocriniens","Le virus Zika",7,"Le virus Zika","Le virus Zika","Le virus Zika"
"255",255,"microcéphalies","Perturbateurs endocriniens","Le virus Zika",7,"Le virus Zika","Le virus Zika","Le virus Zika"
"265",265,"moustique","Perturbateurs endocriniens","Le virus Zika",7,"Le virus Zika","Le virus Zika","Le virus Zika"
"266",266,"moustique tigre","Perturbateurs endocriniens","Le virus Zika",7,"Le virus Zika","Le virus Zika","Le virus Zika"
"348",348,"pyriproxyfène","Perturbateurs endocriniens","Le virus Zika",7,"Le virus Zika","Le virus Zika","Le virus Zika"
"380",380,"santé","Perturbateurs endocriniens","Le virus Zika",7,"Le virus Zika","Le virus Zika","Le virus Zika"
"382",382,"santé publique","Perturbateurs endocriniens","Le virus Zika",7,"Le virus Zika","Le virus Zika","Le virus Zika"
"447",447,"virus","Perturbateurs endocriniens","Le virus Zika",7,"Le virus Zika","Le virus Zika","Le virus Zika"
"448",448,"virus zika","Perturbateurs endocriniens","Le virus Zika",7,"Le virus Zika","Le virus Zika","Le virus Zika"
"451",451,"zika","Perturbateurs endocriniens","Le virus Zika",7,"Le virus Zika","Le virus Zika","Le virus Zika"
"3",3,"abeilles","Abeilles et néonicotinoïdes","Les abeilles",20,"Abeilles et néonicotinoïdes","Régulation des pesticides","La mortalité des abeilles"
"34",34,"apiculteur","Abeilles et néonicotinoïdes","Les abeilles",20,"Abeilles et néonicotinoïdes","Régulation des pesticides","La mortalité des abeilles"
"35",35,"apiculture","Abeilles et néonicotinoïdes","Les abeilles",20,"Abeilles et néonicotinoïdes","Régulation des pesticides","La mortalité des abeilles"
"52",52,"betterave","Abeilles et néonicotinoïdes","Les abeilles",20,"Abeilles et néonicotinoïdes","Régulation des pesticides","Néonicotinoïdes"
"53",53,"betteraves sucrières","Abeilles et néonicotinoïdes","Les abeilles",20,"Abeilles et néonicotinoïdes","Régulation des pesticides","Néonicotinoïdes"
"89",89,"colonies d'abeilles","Abeilles et néonicotinoïdes","Les abeilles",20,"Abeilles et néonicotinoïdes","Régulation des pesticides","La mortalité des abeilles"
"100",100,"confédération paysanne","Abeilles et néonicotinoïdes","Les abeilles",20,"Abeilles et néonicotinoïdes","Régulation des pesticides","Néonicotinoïdes"
"130",130,"dérogation","Abeilles et néonicotinoïdes","Les abeilles",20,"Abeilles et néonicotinoïdes","Régulation des pesticides","Néonicotinoïdes"
"166",166,"essaims","Abeilles et néonicotinoïdes","Les abeilles",20,"Abeilles et néonicotinoïdes","Régulation des pesticides","La mortalité des abeilles"
"181",181,"filière","Abeilles et néonicotinoïdes","Les abeilles",20,"Abeilles et néonicotinoïdes","Régulation des pesticides","Néonicotinoïdes"
"187",187,"frelon","Abeilles et néonicotinoïdes","Les abeilles",20,"Abeilles et néonicotinoïdes","Régulation des pesticides","La mortalité des abeilles"
"192",192,"giee","Abeilles et néonicotinoïdes","Les abeilles",20,"Abeilles et néonicotinoïdes","Régulation des pesticides","Néonicotinoïdes"
"212",212,"interdiction","Abeilles et néonicotinoïdes","Les abeilles",20,"Abeilles et néonicotinoïdes","Régulation des pesticides","Néonicotinoïdes"
"214",214,"interdiction générale","Abeilles et néonicotinoïdes","Les abeilles",20,"Abeilles et néonicotinoïdes","Régulation des pesticides","Néonicotinoïdes"
"256",256,"miel","Abeilles et néonicotinoïdes","Les abeilles",20,"Abeilles et néonicotinoïdes","Régulation des pesticides","La mortalité des abeilles"
"264",264,"mortalité","Abeilles et néonicotinoïdes","Les abeilles",20,"Abeilles et néonicotinoïdes","Régulation des pesticides","La mortalité des abeilles"
"273",273,"néonicotinoïdes","Abeilles et néonicotinoïdes","Les abeilles",20,"Abeilles et néonicotinoïdes","Régulation des pesticides","Néonicotinoïdes"
"302",302,"perte","Abeilles et néonicotinoïdes","Les abeilles",20,"Abeilles et néonicotinoïdes","Régulation des pesticides","Néonicotinoïdes"
"340",340,"pucerons","Abeilles et néonicotinoïdes","Les abeilles",20,"Abeilles et néonicotinoïdes","Régulation des pesticides","Néonicotinoïdes"
"361",361,"réintroduction","Abeilles et néonicotinoïdes","Les abeilles",20,"Abeilles et néonicotinoïdes","Régulation des pesticides","Néonicotinoïdes"
"362",362,"réintroduction de semences","Abeilles et néonicotinoïdes","Les abeilles",20,"Abeilles et néonicotinoïdes","Régulation des pesticides","Néonicotinoïdes"
"369",369,"restriction","Abeilles et néonicotinoïdes","Les abeilles",20,"Abeilles et néonicotinoïdes","Régulation des pesticides","Néonicotinoïdes"
"370",370,"restrictions d'usage","Abeilles et néonicotinoïdes","Les abeilles",20,"Abeilles et néonicotinoïdes","Régulation des pesticides","Néonicotinoïdes"
"371",371,"restrictions d'utilisation","Abeilles et néonicotinoïdes","Les abeilles",20,"Abeilles et néonicotinoïdes","Régulation des pesticides","Néonicotinoïdes"
"378",378,"ruches","Abeilles et néonicotinoïdes","Les abeilles",20,"Abeilles et néonicotinoïdes","Régulation des pesticides","La mortalité des abeilles"
"400",400,"stéphane le foll","Abeilles et néonicotinoïdes","Les abeilles",20,"Abeilles et néonicotinoïdes","Régulation des pesticides","Néonicotinoïdes"
"408",408,"syndicat des apiculteurs","Abeilles et néonicotinoïdes","Les abeilles",20,"Abeilles et néonicotinoïdes","Régulation des pesticides","La mortalité des abeilles"
"414",414,"taux de mortalité","Abeilles et néonicotinoïdes","Les abeilles",20,"Abeilles et néonicotinoïdes","Régulation des pesticides","La mortalité des abeilles"
"432",432,"unaf","Abeilles et néonicotinoïdes","Les abeilles",20,"Abeilles et néonicotinoïdes","Régulation des pesticides","La mortalité des abeilles"
"17",17,"agrochimie","Les affaires Monsanto","Les procès contre Monsanto",14,"Les procès contre Monsanto","Les procès contre Monsanto","Procès de Monsanto"
"50",50,"avocat","Les affaires Monsanto","Les procès contre Monsanto",14,"Les procès contre Monsanto","Les procès contre Monsanto","Procès de Monsanto"
"51",51,"bayer","Les affaires Monsanto","Les procès contre Monsanto",14,"Les procès contre Monsanto","Les procès contre Monsanto","Procès de Monsanto"
"75",75,"céréalier charentais","Les affaires Monsanto","Les procès contre Monsanto",14,"Les procès contre Monsanto","Les procès contre Monsanto","Procès de Monsanto"
"76",76,"céréaliers","Les affaires Monsanto","Les procès contre Monsanto",14,"Les procès contre Monsanto","Les procès contre Monsanto","Procès de Monsanto"
"80",80,"chimie","Les affaires Monsanto","Les procès contre Monsanto",14,"Les procès contre Monsanto","Les procès contre Monsanto","Procès de Monsanto"
"90",90,"combat","Les affaires Monsanto","Les procès contre Monsanto",14,"Les procès contre Monsanto","Les procès contre Monsanto","Procès de Monsanto"
"117",117,"cour","Les affaires Monsanto","Les procès contre Monsanto",14,"Les procès contre Monsanto","Les procès contre Monsanto","Procès de Monsanto"
"118",118,"cour d'appel","Les affaires Monsanto","Les procès contre Monsanto",14,"Les procès contre Monsanto","Les procès contre Monsanto","Procès de Monsanto"
"125",125,"décision","Les affaires Monsanto","Les procès contre Monsanto",14,"Les procès contre Monsanto","Les procès contre Monsanto","Procès de Monsanto"
"126",126,"décision de justice","Les affaires Monsanto","Les procès contre Monsanto",14,"Les procès contre Monsanto","Les procès contre Monsanto","Procès de Monsanto"
"131",131,"désherbant","Les affaires Monsanto","Les procès contre Monsanto",14,"Les procès contre Monsanto","Les procès contre Monsanto","Procès de Monsanto"
"161",161,"envoyé spécial","Expositions des riverains","Les procès contre Monsanto",14,"Les procès contre Monsanto","Les procès contre Monsanto","Procès de Monsanto"
"183",183,"firme","Les affaires Monsanto","Les procès contre Monsanto",14,"Les procès contre Monsanto","Les procès contre Monsanto","Procès de Monsanto"
"197",197,"grandes firmes","Les affaires Monsanto","Les procès contre Monsanto",14,"Les procès contre Monsanto","Les procès contre Monsanto","Procès de Monsanto"
"200",200,"groupe allemand","Les affaires Monsanto","Les procès contre Monsanto",14,"Les procès contre Monsanto","Les procès contre Monsanto","Procès de Monsanto"
"203",203,"herbicide","Les affaires Monsanto","Les procès contre Monsanto",14,"Les procès contre Monsanto","Les procès contre Monsanto","Procès de Monsanto"
"217",217,"jardinerie","Les affaires Monsanto","Les procès contre Monsanto",14,"Les procès contre Monsanto","Les procès contre Monsanto","Procès de Monsanto"
"220",220,"jury","Les affaires Monsanto","Les procès contre Monsanto",14,"Les procès contre Monsanto","Les procès contre Monsanto","Procès de Monsanto"
"221",221,"justice","Les affaires Monsanto","Les procès contre Monsanto",14,"Les procès contre Monsanto","Les procès contre Monsanto","Procès de Monsanto"
"223",223,"lasso","Les affaires Monsanto","Les procès contre Monsanto",14,"Les procès contre Monsanto","Les procès contre Monsanto","Procès de Monsanto"
"250",250,"marie-monique robin","Les affaires Monsanto","Les procès contre Monsanto",14,"Les procès contre Monsanto","Les procès contre Monsanto","Procès de Monsanto"
"262",262,"monde selon monsanto","Les affaires Monsanto","Les procès contre Monsanto",14,"Les procès contre Monsanto","Les procès contre Monsanto","Procès de Monsanto"
"263",263,"monsanto","Les affaires Monsanto","Les procès contre Monsanto",14,"Les procès contre Monsanto","Les procès contre Monsanto","Procès de Monsanto"
"280",280,"ogm","Les affaires Monsanto","Les procès contre Monsanto",14,"Les procès contre Monsanto","Les procès contre Monsanto","Procès de Monsanto"
"294",294,"parathion","Les affaires Monsanto","Les procès contre Monsanto",14,"Les procès contre Monsanto","Les procès contre Monsanto","Procès de Monsanto"
"295",295,"parathion méthyl","Les affaires Monsanto","Les procès contre Monsanto",14,"Les procès contre Monsanto","Les procès contre Monsanto","Procès de Monsanto"
"300",300,"paul françois","Les affaires Monsanto","Les procès contre Monsanto",14,"Les procès contre Monsanto","Les procès contre Monsanto","Procès de Monsanto"
"305",305,"pesticide roundup","Les affaires Monsanto","Les procès contre Monsanto",14,"Les procès contre Monsanto","Les procès contre Monsanto","Procès de Monsanto"
"312",312,"plainte","Les affaires Monsanto","Les procès contre Monsanto",14,"Les procès contre Monsanto","Les procès contre Monsanto","Procès de Monsanto"
"328",328,"procès","Les affaires Monsanto","Les procès contre Monsanto",14,"Les procès contre Monsanto","Les procès contre Monsanto","Procès de Monsanto"
"329",329,"procès en appel","Les affaires Monsanto","Les procès contre Monsanto",14,"Les procès contre Monsanto","Les procès contre Monsanto","Procès de Monsanto"
"376",376,"roundup","Les affaires Monsanto","Les procès contre Monsanto",14,"Les procès contre Monsanto","Les procès contre Monsanto","Procès de Monsanto"
"391",391,"semences transgéniques","Les affaires Monsanto","Les procès contre Monsanto",14,"Les procès contre Monsanto","Les procès contre Monsanto","Procès de Monsanto"
"395",395,"soja transgéniques","Les affaires Monsanto","Les procès contre Monsanto",14,"Les procès contre Monsanto","Les procès contre Monsanto","Procès de Monsanto"
"411",411,"syngenta","Les affaires Monsanto","Les procès contre Monsanto",14,"Les procès contre Monsanto","Les procès contre Monsanto","Procès de Monsanto"
"425",425,"tribunal","Les affaires Monsanto","Les procès contre Monsanto",14,"Les procès contre Monsanto","Les procès contre Monsanto","Procès de Monsanto"
"36",36,"arguments","Nutréa-Triskalia","Les sciences en question",21,"Les sciences en question","Expertise sanitaire","La science en question"
"40",40,"article","Nutréa-Triskalia","Les sciences en question",21,"Les sciences en question","Expertise sanitaire","La science en question"
"56",56,"biotechnology","Nutréa-Triskalia","Les sciences en question",21,"Les sciences en question","Expertise sanitaire","La science en question"
"79",79,"chercheuse","Nutréa-Triskalia","Les sciences en question",21,"Les sciences en question","Expertise sanitaire","La science en question"
"98",98,"conclusion","Nutréa-Triskalia","Les sciences en question",21,"Les sciences en question","Expertise sanitaire","La science en question"
"101",101,"conflit","Nutréa-Triskalia","Les sciences en question",21,"Les sciences en question","Expertise sanitaire","La science en question"
"102",102,"conflit d'intérêts","Nutréa-Triskalia","Les sciences en question",21,"Les sciences en question","Expertise sanitaire","La science en question"
"103",103,"connaissances","Nutréa-Triskalia","Les sciences en question",21,"Les sciences en question","Expertise sanitaire","La science en question"
"170",170,"études","Nutréa-Triskalia","Les sciences en question",21,"Les sciences en question","Expertise sanitaire","La science en question"
"210",210,"inra","Nutréa-Triskalia","Les sciences en question",21,"Les sciences en question","Expertise sanitaire","La science en question"
"219",219,"journaliste","Développement durable","Les sciences en question",21,"Les sciences en question","Expertise sanitaire","La science en question"
"286",286,"opinion","Nutréa-Triskalia","Les sciences en question",21,"Les sciences en question","Expertise sanitaire","La science en question"
"352",352,"recherche","Nutréa-Triskalia","Les sciences en question",21,"Les sciences en question","Expertise sanitaire","La science en question"
"385",385,"sciences","Nutréa-Triskalia","Les sciences en question",21,"Les sciences en question","Expertise sanitaire","La science en question"
"386",386,"scientifiques","Nutréa-Triskalia","Les sciences en question",21,"Les sciences en question","Expertise sanitaire","La science en question"
"438",438,"vérité","Nutréa-Triskalia","Les sciences en question",21,"Les sciences en question","Expertise sanitaire","La science en question"
"441",441,"victimes de pesticides","Nutréa-Triskalia","Les sciences en question",21,"Les sciences en question","Expertise sanitaire","La science en question"
"12",12,"agriculteur","La Loi Alimentation","Loi alimentation",12,"Loi alimentation","Politiques environnementales et agricoles","Politiques agricoles françaises et sortie du glyphosate"
"14",14,"agriculteurs français","La Loi Alimentation","Loi alimentation",12,"Loi alimentation","Politiques environnementales et agricoles","Politiques agricoles françaises et sortie du glyphosate"
"27",27,"amendement","La Loi Alimentation","Loi alimentation",12,"Loi alimentation","Politiques environnementales et agricoles","Politiques agricoles françaises et sortie du glyphosate"
"37",37,"arrêt du glyphosate","La Loi Alimentation","Loi alimentation",12,"Loi alimentation","Politiques environnementales et agricoles","Politiques agricoles françaises et sortie du glyphosate"
"55",55,"bioraffinerie","La Loi Alimentation","Loi alimentation",12,"Loi alimentation","Politiques environnementales et agricoles","Politiques agricoles françaises et sortie du glyphosate"
"120",120,"coûts","La Loi Alimentation","Loi alimentation",12,"Loi alimentation","Politiques environnementales et agricoles","Politiques agricoles françaises et sortie du glyphosate"
"184",184,"fnsea","La Loi Alimentation","Loi alimentation",12,"Loi alimentation","Politiques environnementales et agricoles","Politiques agricoles françaises et sortie du glyphosate"
"204",204,"huile de palme","La Loi Alimentation","Loi alimentation",12,"Loi alimentation","Politiques environnementales et agricoles","Politiques agricoles françaises et sortie du glyphosate"
"205",205,"hulot","La Loi Alimentation","Loi alimentation",12,"Loi alimentation","Politiques environnementales et agricoles","Politiques agricoles françaises et sortie du glyphosate"
"236",236,"loi agriculture","La Loi Alimentation","Loi alimentation",12,"Loi alimentation","Politiques environnementales et agricoles","Politiques agricoles françaises et sortie du glyphosate"
"237",237,"loi alimentation","La Loi Alimentation","Loi alimentation",12,"Loi alimentation","Politiques environnementales et agricoles","Politiques agricoles françaises et sortie du glyphosate"
"240",240,"m. orphelin","La Loi Alimentation","Loi alimentation",12,"Loi alimentation","Politiques environnementales et agricoles","Politiques agricoles françaises et sortie du glyphosate"
"241",241,"m. travert","La Loi Alimentation","Loi alimentation",12,"Loi alimentation","Politiques environnementales et agricoles","Politiques agricoles françaises et sortie du glyphosate"
"253",253,"mercosur","La Loi Alimentation","Loi alimentation",12,"Loi alimentation","Politiques environnementales et agricoles","Politiques agricoles françaises et sortie du glyphosate"
"274",274,"nicolas hulot","La Loi Alimentation","Loi alimentation",12,"Loi alimentation","Politiques environnementales et agricoles","Politiques agricoles françaises et sortie du glyphosate"
"291",291,"palme","La Loi Alimentation","Loi alimentation",12,"Loi alimentation","Politiques environnementales et agricoles","Politiques agricoles françaises et sortie du glyphosate"
"314",314,"plan de sortie","La Loi Alimentation","Loi alimentation",12,"Loi alimentation","Politiques environnementales et agricoles","Politiques agricoles françaises et sortie du glyphosate"
"332",332,"produits agricoles","La Loi Alimentation","Loi alimentation",12,"Loi alimentation","Politiques environnementales et agricoles","Politiques agricoles françaises et sortie du glyphosate"
"381",381,"santé des français","La Loi Alimentation","Loi alimentation",12,"Loi alimentation","Politiques environnementales et agricoles","Politiques agricoles françaises et sortie du glyphosate"
"396",396,"sortie","La Loi Alimentation","Loi alimentation",12,"Loi alimentation","Politiques environnementales et agricoles","Politiques agricoles françaises et sortie du glyphosate"
"397",397,"sortie du glyphosate","La Loi Alimentation","Loi alimentation",12,"Loi alimentation","Politiques environnementales et agricoles","Politiques agricoles françaises et sortie du glyphosate"
"401",401,"stéphane travert","La Loi Alimentation","Loi alimentation",12,"Loi alimentation","Politiques environnementales et agricoles","Politiques agricoles françaises et sortie du glyphosate"
"424",424,"travert","La Loi Alimentation","Loi alimentation",12,"Loi alimentation","Politiques environnementales et agricoles","Politiques agricoles françaises et sortie du glyphosate"
"436",436,"utilisation du glyphosate","La Loi Alimentation","Loi alimentation",12,"Loi alimentation","Politiques environnementales et agricoles","Politiques agricoles françaises et sortie du glyphosate"
"4",4,"abeilles sauvages","Biodiversité","Menaces sur la biodiversité",19,"Menaces sur la biodiversité","Crises environnementales","La crise de la biodiversité"
"78",78,"chauves-souris","Biodiversité","Menaces sur la biodiversité",19,"Menaces sur la biodiversité","Crises environnementales","La crise de la biodiversité"
"133",133,"disparition","Biodiversité","Menaces sur la biodiversité",19,"Menaces sur la biodiversité","Crises environnementales","La crise de la biodiversité"
"147",147,"écosystèmes","Biodiversité","Menaces sur la biodiversité",19,"Menaces sur la biodiversité","Crises environnementales","La crise de la biodiversité"
"153",153,"effondrement","Biodiversité","Menaces sur la biodiversité",19,"Menaces sur la biodiversité","Crises environnementales","La crise de la biodiversité"
"175",175,"extinction","Biodiversité","Menaces sur la biodiversité",19,"Menaces sur la biodiversité","Crises environnementales","La crise de la biodiversité"
"258",258,"milieu","Biodiversité","Menaces sur la biodiversité",19,"Menaces sur la biodiversité","Crises environnementales","La crise de la biodiversité"
"271",271,"nature","Biodiversité","Menaces sur la biodiversité",19,"Menaces sur la biodiversité","Crises environnementales","La crise de la biodiversité"
"282",282,"oiseaux","Biodiversité","Menaces sur la biodiversité",19,"Menaces sur la biodiversité","Crises environnementales","La crise de la biodiversité"
"316",316,"planète","Biodiversité","Menaces sur la biodiversité",19,"Menaces sur la biodiversité","Crises environnementales","La crise de la biodiversité"
"322",322,"population","Biodiversité","Menaces sur la biodiversité",19,"Menaces sur la biodiversité","Crises environnementales","La crise de la biodiversité"
"323",323,"populations d'oiseaux","Biodiversité","Menaces sur la biodiversité",19,"Menaces sur la biodiversité","Crises environnementales","La crise de la biodiversité"
"349",349,"rachel carson","Biodiversité","Menaces sur la biodiversité",19,"Menaces sur la biodiversité","Crises environnementales","La crise de la biodiversité"
"57",57,"bisphénol","Pollutions chimiques","Perturbateurs endocriniens",18,"Perturbateurs endocriniens","Contamination des milieux","Perturbateurs endocriniens"
"58",58,"bisphénol a","Pollutions chimiques","Perturbateurs endocriniens",18,"Perturbateurs endocriniens","Contamination des milieux","Perturbateurs endocriniens"
"62",62,"bpa","Pollutions chimiques","Perturbateurs endocriniens",18,"Perturbateurs endocriniens","Contamination des milieux","Perturbateurs endocriniens"
"94",94,"composition","Pollutions chimiques","Perturbateurs endocriniens",18,"Perturbateurs endocriniens","Contamination des milieux","Perturbateurs endocriniens"
"95",95,"concentration","Pollutions chimiques","Perturbateurs endocriniens",18,"Perturbateurs endocriniens","Contamination des milieux","Perturbateurs endocriniens"
"149",149,"effet cocktail","Pollutions chimiques","Perturbateurs endocriniens",18,"Perturbateurs endocriniens","Contamination des milieux","Perturbateurs endocriniens"
"174",174,"expositions","Pollutions chimiques","Perturbateurs endocriniens",18,"Perturbateurs endocriniens","Contamination des milieux","Perturbateurs endocriniens"
"207",207,"imprégnation","Pollutions chimiques","Perturbateurs endocriniens",18,"Perturbateurs endocriniens","Contamination des milieux","Perturbateurs endocriniens"
"231",231,"lindane","Pollutions chimiques","Perturbateurs endocriniens",18,"Perturbateurs endocriniens","Contamination des milieux","Perturbateurs endocriniens"
"260",260,"molécules","Pollutions chimiques","Perturbateurs endocriniens",18,"Perturbateurs endocriniens","Contamination des milieux","Perturbateurs endocriniens"
"268",268,"mutualité française","Pollutions chimiques","Perturbateurs endocriniens",18,"Perturbateurs endocriniens","Contamination des milieux","Perturbateurs endocriniens"
"303",303,"perturbateurs","Pollutions chimiques","Perturbateurs endocriniens",18,"Perturbateurs endocriniens","Contamination des milieux","Perturbateurs endocriniens"
"304",304,"perturbateurs endocriniens","Pollutions chimiques","Perturbateurs endocriniens",18,"Perturbateurs endocriniens","Contamination des milieux","Perturbateurs endocriniens"
"311",311,"phtalates","Pollutions chimiques","Perturbateurs endocriniens",18,"Perturbateurs endocriniens","Contamination des milieux","Perturbateurs endocriniens"
"334",334,"produits chimiques","Pollutions chimiques","Perturbateurs endocriniens",18,"Perturbateurs endocriniens","Contamination des milieux","Perturbateurs endocriniens"
"366",366,"résidus chimiques","Pollutions chimiques","Perturbateurs endocriniens",18,"Perturbateurs endocriniens","Contamination des milieux","Perturbateurs endocriniens"
"383",383,"santé publique france","Pollutions chimiques","Perturbateurs endocriniens",18,"Perturbateurs endocriniens","Contamination des milieux","Perturbateurs endocriniens"
"394",394,"seuils sanitaires","Pollutions chimiques","Perturbateurs endocriniens",18,"Perturbateurs endocriniens","Contamination des milieux","Perturbateurs endocriniens"
"403",403,"substances","Pollutions chimiques","Perturbateurs endocriniens",18,"Perturbateurs endocriniens","Contamination des milieux","Perturbateurs endocriniens"
"119",119,"cours d'eau","Biodiversité","Pollutions de l'eau",13,"Pollutions de l'eau","Contamination des milieux","Pollution de l'eau"
"122",122,"cultures de maïs","Les affaires Monsanto","Pollutions de l'eau",13,"Pollutions de l'eau","Contamination des milieux","Pollution de l'eau"
"136",136,"eau","Biodiversité","Pollutions de l'eau",13,"Pollutions de l'eau","Contamination des milieux","Pollution de l'eau"
"137",137,"eau potable","Biodiversité","Pollutions de l'eau",13,"Pollutions de l'eau","Contamination des milieux","Pollution de l'eau"
"213",213,"interdiction d'épandage","Expositions des riverains","Pollutions de l'eau",13,"Epandage et riverains","Régulation des pesticides","Épandages et riverains"
"243",243,"maïs","Les affaires Monsanto","Pollutions de l'eau",13,"Pollutions de l'eau","Contamination des milieux","Pollution de l'eau"
"269",269,"nappes","Biodiversité","Pollutions de l'eau",13,"Pollutions de l'eau","Contamination des milieux","Pollution de l'eau"
"270",270,"nappes phréatiques","Biodiversité","Pollutions de l'eau",13,"Pollutions de l'eau","Contamination des milieux","Pollution de l'eau"
"275",275,"non-traitement","La Loi Alimentation","Pollutions de l'eau",13,"Epandage et riverains","Régulation des pesticides","Épandages et riverains"
"319",319,"pollution","Biodiversité","Pollutions de l'eau",13,"Pollutions de l'eau","Contamination des milieux","Pollution de l'eau"
"320",320,"pollution aux pesticides","Biodiversité","Pollutions de l'eau",13,"Pollutions de l'eau","Contamination des milieux","Pollution de l'eau"
"321",321,"pollution chimique","Biodiversité","Pollutions de l'eau",13,"Pollutions de l'eau","Contamination des milieux","Pollution de l'eau"
"335",335,"produits phytos","La Loi Alimentation","Pollutions de l'eau",13,"Epandage et riverains","Régulation des pesticides","Épandages et riverains"
"356",356,"région agricole","Développement durable","Pollutions de l'eau",13,"Pollutions de l'eau","Contamination des milieux","Pollution de l'eau"
"453",453,"zones de non-traitement","La Loi Alimentation","Pollutions de l'eau",13,"Epandage et riverains","Régulation des pesticides","Épandages et riverains"
"5",5,"additifs","Résidu de pesticides","Produits de consommation",3,"Sécurité de l’alimentation","Contamination des milieux","Sécurité des aliments"
"9",9,"agence bio","Résidu de pesticides","Produits de consommation",3,"Sécurité de l’alimentation","Contamination des milieux","Sécurité des aliments"
"20",20,"alimentation","Résidu de pesticides","Produits de consommation",3,"Sécurité de l’alimentation","Contamination des milieux","Sécurité des aliments"
"21",21,"aliments","Résidu de pesticides","Produits de consommation",3,"Sécurité de l’alimentation","Contamination des milieux","Sécurité des aliments"
"83",83,"citron","Résidu de pesticides","Produits de consommation",3,"Sécurité de l’alimentation","Contamination des milieux","Sécurité des aliments"
"107",107,"consommateurs de bio","Résidu de pesticides","Produits de consommation",3,"Sécurité de l’alimentation","Contamination des milieux","Sécurité des aliments"
"176",176,"farine","Résidu de pesticides","Produits de consommation",3,"Sécurité de l’alimentation","Contamination des milieux","Sécurité des aliments"
"194",194,"graines","Les affaires Monsanto","Produits de consommation",3,"Sécurité de l’alimentation","Contamination des milieux","Sécurité des aliments"
"196",196,"grande distribution","Résidu de pesticides","Produits de consommation",3,"Sécurité de l’alimentation","Contamination des milieux","Sécurité des aliments"
"201",201,"groupes agroalimentaires","Résidu de pesticides","Produits de consommation",3,"Sécurité de l’alimentation","Contamination des milieux","Sécurité des aliments"
"247",247,"malbouffe","Résidu de pesticides","Produits de consommation",3,"Sécurité de l’alimentation","Contamination des milieux","Sécurité des aliments"
"290",290,"pain","Résidu de pesticides","Produits de consommation",3,"Sécurité de l’alimentation","Contamination des milieux","Sécurité des aliments"
"333",333,"produits bio","Résidu de pesticides","Produits de consommation",3,"Sécurité de l’alimentation","Contamination des milieux","Sécurité des aliments"
"355",355,"régime alimentaire","Résidu de pesticides","Produits de consommation",3,"Sécurité de l’alimentation","Contamination des milieux","Sécurité des aliments"
"373",373,"riz","Les affaires Monsanto","Produits de consommation",3,"Sécurité de l’alimentation","Contamination des milieux","Sécurité des aliments"
"375",375,"roquette","Les affaires Monsanto","Produits de consommation",3,"Sécurité de l’alimentation","Contamination des milieux","Sécurité des aliments"
"398",398,"soupe","Résidu de pesticides","Produits de consommation",3,"Sécurité de l’alimentation","Contamination des milieux","Sécurité des aliments"
"404",404,"sucre","Résidu de pesticides","Produits de consommation",3,"Sécurité de l’alimentation","Contamination des milieux","Sécurité des aliments"
"439",439,"viandes","Résidu de pesticides","Produits de consommation",3,"Sécurité de l’alimentation","Contamination des milieux","Sécurité des aliments"
"6",6,"ademe","Développement durable","Réchauffement climatique",5,"Réchauffement climatique","Crises environnementales","Réchauffement climatique"
"18",18,"air","Développement durable","Réchauffement climatique",5,"Réchauffement climatique","Crises environnementales","Réchauffement climatique"
"28",28,"ami","Développement durable","Réchauffement climatique",5,"Réchauffement climatique","Crises environnementales","Réchauffement climatique"
"77",77,"changement climatique","Biodiversité","Réchauffement climatique",5,"Réchauffement climatique","Crises environnementales","Réchauffement climatique"
"124",124,"déchets","Développement durable","Réchauffement climatique",5,"Réchauffement climatique","Crises environnementales","Réchauffement climatique"
"129",129,"dérégulation","Développement durable","Réchauffement climatique",5,"Réchauffement climatique","Crises environnementales","Réchauffement climatique"
"132",132,"développement","Développement durable","Réchauffement climatique",5,"Réchauffement climatique","Crises environnementales","Réchauffement climatique"
"157",157,"émission","Biodiversité","Réchauffement climatique",5,"Réchauffement climatique","Crises environnementales","Réchauffement climatique"
"158",158,"émissions de gaz","Développement durable","Réchauffement climatique",5,"Réchauffement climatique","Crises environnementales","Réchauffement climatique"
"160",160,"énergie","Développement durable","Réchauffement climatique",5,"Réchauffement climatique","Crises environnementales","Réchauffement climatique"
"180",180,"fertilisants","Luttes contre les nuisibles","Réchauffement climatique",5,"Réchauffement climatique","Crises environnementales","Réchauffement climatique"
"208",208,"inde","Développement durable","Réchauffement climatique",5,"Réchauffement climatique","Crises environnementales","Réchauffement climatique"
"261",261,"monde","Développement durable","Réchauffement climatique",5,"Réchauffement climatique","Crises environnementales","Réchauffement climatique"
"289",289,"pac","Résidu de pesticides","Réchauffement climatique",5,"Réchauffement climatique","Crises environnementales","Réchauffement climatique"
"301",301,"paysan","Résidu de pesticides","Réchauffement climatique",5,"Réchauffement climatique","Crises environnementales","Réchauffement climatique"
"309",309,"petits agriculteurs","Résidu de pesticides","Réchauffement climatique",5,"Réchauffement climatique","Crises environnementales","Réchauffement climatique"
"310",310,"petits producteurs","Résidu de pesticides","Réchauffement climatique",5,"Réchauffement climatique","Crises environnementales","Réchauffement climatique"
"313",313,"plan climat","Développement durable","Réchauffement climatique",5,"Réchauffement climatique","Crises environnementales","Réchauffement climatique"
"327",327,"problèmes environnementaux","Biodiversité","Réchauffement climatique",5,"Réchauffement climatique","Crises environnementales","Réchauffement climatique"
"331",331,"production","Développement durable","Réchauffement climatique",5,"Réchauffement climatique","Crises environnementales","Réchauffement climatique"
"336",336,"progrès","Développement durable","Réchauffement climatique",5,"Réchauffement climatique","Crises environnementales","Réchauffement climatique"
"357",357,"régions","Développement durable","Réchauffement climatique",5,"Réchauffement climatique","Crises environnementales","Réchauffement climatique"
"384",384,"sapin","Développement durable","Réchauffement climatique",5,"Réchauffement climatique","Crises environnementales","Réchauffement climatique"
"393",393,"serres","Développement durable","Réchauffement climatique",5,"Réchauffement climatique","Crises environnementales","Réchauffement climatique"
"422",422,"transport","Développement durable","Réchauffement climatique",5,"Réchauffement climatique","Crises environnementales","Réchauffement climatique"
"44",44,"autorisation","Abeilles et néonicotinoïdes","Régulation européenne",17,"Régulation européenne","Régulation des pesticides","Régulation européenne"
"65",65,"bruxelles","Abeilles et néonicotinoïdes","Régulation européenne",17,"Régulation européenne","Régulation des pesticides","Régulation européenne"
"91",91,"commission","Abeilles et néonicotinoïdes","Régulation européenne",17,"Régulation européenne","Régulation des pesticides","Régulation européenne"
"92",92,"commission environnement","Abeilles et néonicotinoïdes","Régulation européenne",17,"Régulation européenne","Régulation des pesticides","Régulation européenne"
"93",93,"commission européenne","Abeilles et néonicotinoïdes","Régulation européenne",17,"Régulation européenne","Régulation des pesticides","Régulation européenne"
"156",156,"élimination progressive","Abeilles et néonicotinoïdes","Régulation européenne",17,"Régulation européenne","Régulation des pesticides","Régulation européenne"
"167",167,"etat","Abeilles et néonicotinoïdes","Régulation européenne",17,"Régulation européenne","Régulation des pesticides","Régulation européenne"
"168",168,"etats membres","Abeilles et néonicotinoïdes","Régulation européenne",17,"Régulation européenne","Régulation des pesticides","Régulation européenne"
"169",169,"états membres","Abeilles et néonicotinoïdes","Régulation européenne",17,"Régulation européenne","Régulation des pesticides","Régulation européenne"
"171",171,"europe","Abeilles et néonicotinoïdes","Régulation européenne",17,"Régulation européenne","Régulation des pesticides","Régulation européenne"
"193",193,"glyphosate","Expositions des riverains","Régulation européenne",17,"Régulation européenne","Régulation des pesticides","Régulation européenne"
"198",198,"greenpeace","Abeilles et néonicotinoïdes","Régulation européenne",17,"Régulation européenne","Régulation des pesticides","Régulation européenne"
"226",226,"licence du glyphosate","Abeilles et néonicotinoïdes","Régulation européenne",17,"Régulation européenne","Régulation des pesticides","Régulation européenne"
"285",285,"ong","Abeilles et néonicotinoïdes","Régulation européenne",17,"Régulation européenne","Régulation des pesticides","Régulation européenne"
"297",297,"parlement","Résidu de pesticides","Régulation européenne",17,"Régulation européenne","Régulation des pesticides","Régulation européenne"
"298",298,"parlement européen","Abeilles et néonicotinoïdes","Régulation européenne",17,"Régulation européenne","Régulation des pesticides","Régulation européenne"
"330",330,"producteurs de glyphosate","Abeilles et néonicotinoïdes","Régulation européenne",17,"Régulation européenne","Régulation des pesticides","Régulation européenne"
"351",351,"réautorisation","Abeilles et néonicotinoïdes","Régulation européenne",17,"Régulation européenne","Régulation des pesticides","Régulation européenne"
"363",363,"renouvellement","Abeilles et néonicotinoïdes","Régulation européenne",17,"Régulation européenne","Régulation des pesticides","Régulation européenne"
"430",430,"ue","Abeilles et néonicotinoïdes","Régulation européenne",17,"Régulation européenne","Régulation des pesticides","Régulation européenne"
"433",433,"union européenne","Abeilles et néonicotinoïdes","Régulation européenne",17,"Régulation européenne","Régulation des pesticides","Régulation européenne"
"2",2,"% des échantillons","Résidu de pesticides","Résidus de pesticides dans l'alimentation",1,"Sécurité de l’alimentation","Contamination des milieux","Sécurité des aliments"
"22",22,"allemagne","Résidu de pesticides","Résidus de pesticides dans l'alimentation",1,"Sécurité de l’alimentation","Contamination des milieux","Sécurité des aliments"
"29",29,"ania","Résidu de pesticides","Résidus de pesticides dans l'alimentation",1,"Sécurité de l’alimentation","Contamination des milieux","Sécurité des aliments"
"46",46,"autorité","Résidu de pesticides","Résidus de pesticides dans l'alimentation",1,"Sécurité de l’alimentation","Contamination des milieux","Sécurité des aliments"
"97",97,"concentration supérieure","Résidu de pesticides","Résidus de pesticides dans l'alimentation",1,"Sécurité de l’alimentation","Contamination des milieux","Sécurité des aliments"
"106",106,"consommateurs","Résidu de pesticides","Résidus de pesticides dans l'alimentation",1,"Sécurité de l’alimentation","Contamination des milieux","Sécurité des aliments"
"108",108,"contrôle","Résidu de pesticides","Résidus de pesticides dans l'alimentation",1,"Sécurité de l’alimentation","Contamination des milieux","Sécurité des aliments"
"182",182,"fipronil","Résidu de pesticides","Résidus de pesticides dans l'alimentation",1,"Sécurité de l’alimentation","Contamination des milieux","Sécurité des aliments"
"188",188,"futures","Résidu de pesticides","Résidus de pesticides dans l'alimentation",1,"Sécurité de l’alimentation","Contamination des milieux","Sécurité des aliments"
"189",189,"génération","Résidu de pesticides","Résidus de pesticides dans l'alimentation",1,"Sécurité de l’alimentation","Contamination des milieux","Sécurité des aliments"
"209",209,"industrie alimentaire","Résidu de pesticides","Résidus de pesticides dans l'alimentation",1,"Sécurité de l’alimentation","Contamination des milieux","Sécurité des aliments"
"228",228,"limite","Résidu de pesticides","Résidus de pesticides dans l'alimentation",1,"Sécurité de l’alimentation","Contamination des milieux","Sécurité des aliments"
"229",229,"limite réglementaire","Résidu de pesticides","Résidus de pesticides dans l'alimentation",1,"Sécurité de l’alimentation","Contamination des milieux","Sécurité des aliments"
"230",230,"limites maximales","Résidu de pesticides","Résidus de pesticides dans l'alimentation",1,"Sécurité de l’alimentation","Contamination des milieux","Sécurité des aliments"
"232",232,"liste des produits","Résidu de pesticides","Résidus de pesticides dans l'alimentation",1,"Sécurité de l’alimentation","Contamination des milieux","Sécurité des aliments"
"233",233,"lmr","Résidu de pesticides","Résidus de pesticides dans l'alimentation",1,"Sécurité de l’alimentation","Contamination des milieux","Sécurité des aliments"
"276",276,"nourrissons","Résidu de pesticides","Résidus de pesticides dans l'alimentation",1,"Sécurité de l’alimentation","Contamination des milieux","Sécurité des aliments"
"288",288,"oxyde d'éthylène","Résidu de pesticides","Résidus de pesticides dans l'alimentation",1,"Sécurité de l’alimentation","Contamination des milieux","Sécurité des aliments"
"359",359,"réglementation européenne","Pollutions chimiques","Résidus de pesticides dans l'alimentation",1,"Sécurité de l’alimentation","Contamination des milieux","Sécurité des aliments"
"365",365,"résidus","Résidu de pesticides","Résidus de pesticides dans l'alimentation",1,"Sécurité de l’alimentation","Contamination des milieux","Sécurité des aliments"
"367",367,"résidus de pesticides","Résidu de pesticides","Résidus de pesticides dans l'alimentation",1,"Sécurité de l’alimentation","Contamination des milieux","Sécurité des aliments"
"402",402,"substance toxique","Résidu de pesticides","Résidus de pesticides dans l'alimentation",1,"Sécurité de l’alimentation","Contamination des milieux","Sécurité des aliments"
"417",417,"traces","Résidu de pesticides","Résidus de pesticides dans l'alimentation",1,"Sécurité de l’alimentation","Contamination des milieux","Sécurité des aliments"
"418",418,"traces de fipronil","Résidu de pesticides","Résidus de pesticides dans l'alimentation",1,"Sécurité de l’alimentation","Contamination des milieux","Sécurité des aliments"
"10",10,"agents pathogènes","Perturbateurs endocriniens","Troubles de santé",4,"Troubles de santé","Troubles de santé","Troubles de santé"
"19",19,"algue","Perturbateurs endocriniens","Troubles de santé",4,"Troubles de santé","Troubles de santé","Troubles de santé"
"26",26,"alzheimer","Perturbateurs endocriniens","Troubles de santé",4,"Troubles de santé","Troubles de santé","Troubles de santé"
"86",86,"cnrs","Nutréa-Triskalia","Troubles de santé",4,"Troubles de santé","Troubles de santé","Troubles de santé"
"135",135,"docteur","Perturbateurs endocriniens","Troubles de santé",4,"Troubles de santé","Troubles de santé","Troubles de santé"
"148",148,"effet","Perturbateurs endocriniens","Troubles de santé",4,"Troubles de santé","Troubles de santé","Troubles de santé"
"150",150,"effets délétères","Nutréa-Triskalia","Troubles de santé",4,"Troubles de santé","Troubles de santé","Troubles de santé"
"206",206,"hypothyroïdie","Perturbateurs endocriniens","Troubles de santé",4,"Troubles de santé","Troubles de santé","Troubles de santé"
"244",244,"maladie","Perturbateurs endocriniens","Troubles de santé",4,"Troubles de santé","Troubles de santé","Troubles de santé"
"245",245,"maladies cardiovasculaires","Perturbateurs endocriniens","Troubles de santé",4,"Troubles de santé","Troubles de santé","Troubles de santé"
"287",287,"origine","Perturbateurs endocriniens","Troubles de santé",4,"Troubles de santé","Troubles de santé","Troubles de santé"
"326",326,"problème","Perturbateurs endocriniens","Troubles de santé",4,"Troubles de santé","Troubles de santé","Troubles de santé"
"339",339,"protéines","Perturbateurs endocriniens","Troubles de santé",4,"Troubles de santé","Troubles de santé","Troubles de santé"
"360",360,"règles douloureuses","Perturbateurs endocriniens","Troubles de santé",4,"Troubles de santé","Troubles de santé","Troubles de santé"
"390",390,"sélénium","Perturbateurs endocriniens","Troubles de santé",4,"Troubles de santé","Troubles de santé","Troubles de santé"
"407",407,"symptômes","Perturbateurs endocriniens","Troubles de santé",4,"Troubles de santé","Troubles de santé","Troubles de santé"
"409",409,"syndrome","Perturbateurs endocriniens","Troubles de santé",4,"Troubles de santé","Troubles de santé","Troubles de santé"
"410",410,"syndrome prémenstruel","Perturbateurs endocriniens","Troubles de santé",4,"Troubles de santé","Troubles de santé","Troubles de santé"
"412",412,"système endocrinien","Perturbateurs endocriniens","Troubles de santé",4,"Troubles de santé","Troubles de santé","Troubles de santé"
"413",413,"systèmes","Perturbateurs endocriniens","Troubles de santé",4,"Troubles de santé","Troubles de santé","Troubles de santé"
"416",416,"thyroïde","Perturbateurs endocriniens","Troubles de santé",4,"Troubles de santé","Troubles de santé","Troubles de santé"
"428",428,"troubles","Perturbateurs endocriniens","Troubles de santé",4,"Troubles de santé","Troubles de santé","Troubles de santé"
"429",429,"troubles respiratoires","Perturbateurs endocriniens","Troubles de santé",4,"Troubles de santé","Troubles de santé","Troubles de santé"
"449",449,"vitamines","Perturbateurs endocriniens","Troubles de santé",4,"Troubles de santé","Troubles de santé","Troubles de santé"
"452",452,"zinc","Perturbateurs endocriniens","Troubles de santé",4,"Troubles de santé","Troubles de santé","Troubles de santé"
"11",11,"agriconomie","Expositions des riverains","Zéro phyto",10,"Plan écophyto","Régulation des pesticides","Plan écophyto"
"13",13,"agriculteurs bio","Expositions des riverains","Zéro phyto",10,"Plan écophyto","Régulation des pesticides","Plan écophyto"
"43",43,"associations","Expositions des riverains","Zéro phyto",10,"Plan écophyto","Régulation des pesticides","Plan écophyto"
"164",164,"espace","Expositions des riverains","Zéro phyto",10,"Plan écophyto","Régulation des pesticides","Plan écophyto"
"165",165,"espaces verts","Expositions des riverains","Zéro phyto",10,"Plan écophyto","Régulation des pesticides","Plan écophyto"
"172",172,"expériences","Développement durable","Zéro phyto",10,"Plan écophyto","Régulation des pesticides","Plan écophyto"
"173",173,"expérimentation","Développement durable","Zéro phyto",10,"Plan écophyto","Régulation des pesticides","Plan écophyto"
"450",450,"zéro phyto","Expositions des riverains","Zéro phyto",10,"Plan écophyto","Régulation des pesticides","Plan écophyto"
